{
    "timestamp": "2025-10-31 10:08:23",
    "models": {
        "bicubic": {
            "psnr": 25.557326658367042,
            "ssim": 0.7447763085365295,
            "parameters": 0
        },
        "srcnn": {
            "psnr": 18.205606741266923,
            "ssim": 0.5331547260284424,
            "parameters": 69251
        },
        "improved_srcnn": {
            "psnr": 18.212068171187376,
            "ssim": 0.5350017547607422,
            "parameters": 137411
        }
    }
}