{
    "bicubic": {
        "avg_psnr": 31.280021489448192,
        "std_psnr": 4.48095927576322,
        "avg_ssim": 0.791184733956906,
        "std_ssim": 0.11461584270014473,
        "min_psnr": 19.602256063837636,
        "max_psnr": 49.34981619440066,
        "min_ssim": 0.21684006245625465,
        "max_ssim": 0.9888142995869617
    },
    "srcnn": {
        "avg_psnr": 31.182048022164132,
        "std_psnr": 3.847215727513753,
        "avg_ssim": 0.801055105393054,
        "std_ssim": 0.10747772738172337,
        "min_psnr": 19.87066793283615,
        "max_psnr": 41.16320597313117,
        "min_ssim": 0.2209938261273838,
        "max_ssim": 0.9716772774749792
    },
    "srgan": {
        "avg_psnr": 30.922460339833982,
        "std_psnr": 3.511985992176065,
        "avg_ssim": 0.8053697032793457,
        "std_ssim": 0.10541836988190398,
        "min_psnr": 20.525744867328616,
        "max_psnr": 40.52748351639871,
        "min_ssim": 0.2629042896558174,
        "max_ssim": 0.9816855509504374
    },
    "improvements": {
        "srcnn_vs_bicubic": {
            "psnr_gain": -0.09797346728405998,
            "ssim_gain": 0.009870371436147996
        },
        "srgan_vs_bicubic": {
            "psnr_gain": -0.3575611496142095,
            "ssim_gain": 0.014184969322439622
        },
        "srgan_vs_srcnn": {
            "psnr_gain": -0.2595876823301495,
            "ssim_gain": 0.004314597886291627
        }
    }
}