{
  "train_loss": [
    0.015574623388997481,
    0.009809421915080115,
    0.009877494709065144,
    0.009446058074030114,
    0.00855121172081335,
    0.00881086824792083,
    0.008591454595064177,
    0.009037746638489847,
    0.008740285556996241,
    0.009061306993396061,
    0.008618764359752,
    0.008660607755819396,
    0.008242281653941103,
    0.008133232880778529,
    0.00831859894906697,
    0.008658678566343557,
    0.00797440558539086,
    0.008467218840846528,
    0.007967558685619302,
    0.008198105132538805,
    0.008082920366533748,
    0.007977598935173339,
    0.008696014769868823,
    0.008297643734334522,
    0.008591216110052419
  ],
  "val_loss": [
    0.006179077594977202,
    0.004914225535938823,
    0.005092924014264364,
    0.004710324574998709,
    0.0053953338352538925,
    0.006400793781975591,
    0.004544293388571072,
    0.006579796418170386,
    0.0044903661643119555,
    0.004862115768527117,
    0.004483488235103933,
    0.004404929709691507,
    0.004170005842660188,
    0.004212618883569501,
    0.004334925043196241,
    0.005261790859100374,
    0.005134095380353871,
    0.004673444604076728,
    0.004114434685222097,
    0.004182751807737859,
    0.004275984933181324,
    0.004444759468771989,
    0.004583022177007191,
    0.004197423002252332,
    0.004486321672042714
  ],
  "val_psnr": [
    29.050197443304192,
    30.399689664656318,
    30.070739575609533,
    30.5395812831059,
    29.75926752020673,
    28.55584932921957,
    30.6633566735529,
    28.686840420864453,
    30.769486158431512,
    30.113172503480794,
    30.70142273807798,
    30.908408153546688,
    31.178978531579045,
    31.164746990886943,
    30.999015351820756,
    29.590464451139344,
    29.747931484430303,
    30.361108192466364,
    31.250052282470186,
    31.138798391503638,
    30.930404680812174,
    30.65467259080936,
    30.496080182967113,
    31.08392689889649,
    30.705577331479013
  ],
  "val_ssim": [
    0.7624459862709045,
    0.7823826670646667,
    0.790947437286377,
    0.7943520545959473,
    0.8005915880203247,
    0.8020554780960083,
    0.8056885004043579,
    0.8053445816040039,
    0.8091069459915161,
    0.8097127079963684,
    0.8095041513442993,
    0.8120529651641846,
    0.814223051071167,
    0.8127856850624084,
    0.8129273653030396,
    0.8138048648834229,
    0.8168054819107056,
    0.8155125975608826,
    0.8162537813186646,
    0.8167023062705994,
    0.8178165555000305,
    0.8181505799293518,
    0.8167603611946106,
    0.8162822127342224,
    0.8163414597511292
  ],
  "learning_rate": [
    0.0001,
    0.0001,
    0.0001,
    0.0001,
    0.0001,
    0.0001,
    0.0001,
    0.0001,
    0.0001,
    0.0001,
    0.0001,
    0.0001,
    0.0001,
    0.0001,
    0.0001,
    0.0001,
    0.0001,
    0.0001,
    0.0001,
    0.0001,
    0.0001,
    0.0001,
    0.0001,
    0.0001,
    5e-05
  ]
}