{
    "Bicubic": {
        "PSNR": 38.198386844052536,
        "SSIM": 0.9055348634719849,
        "Inference_Time_ms": 7.213996839523316,
        "PSNR_std": 2.8869197029427394,
        "SSIM_std": 0.031964242458343506
    }
}