{
    "g_loss": [
        0.06954531227339707,
        0.05540586879942566,
        0.05474104856788788,
        0.0537285312615416,
        0.05400250027583831,
        0.052845278759891895,
        0.051891836079606866,
        0.05148582242975902,
        0.05020089287047639,
        0.049937359381305134,
        0.04897860783334498,
        0.04904147105433209,
        0.04877125124609017,
        0.048299052620954484,
        0.04853376459694751,
        0.04767630424390992,
        0.04729895243097259,
        0.047406554373953004,
        0.046838062132060855,
        0.04601225077235342,
        0.04496678868409894,
        0.04676035904001607,
        0.04659320807600718
    ],
    "d_loss": [
        0.9686630215981732,
        0.318345830016567,
        0.061296903923072896,
        0.14251414286643369,
        0.2299849436866403,
        0.24940260009948953,
        0.21306449657371876,
        0.36398311336550093,
        0.2980682538485701,
        0.31345659936019016,
        0.45500496885506436,
        0.3519117591710275,
        0.4998280274322378,
        0.5972548738253586,
        0.5153552830603946,
        0.47366395188019733,
        0.46902244432282675,
        0.5570694387779045,
        0.5005469040074588,
        0.5498452854757805,
        0.404396330841574,
        0.450914248601412,
        0.5516635725305051
    ],
    "content_loss": [],
    "perceptual_loss": [],
    "adversarial_loss": [],
    "psnr": [
        32.26549634854138,
        34.116280134429395,
        34.37591944872034,
        34.5391143615761,
        34.399111021925584,
        34.573228848587384,
        34.7729935327719,
        34.75905885688639,
        34.88487960771536,
        34.85204652842846,
        34.74767813283291,
        34.858246436196055,
        34.94558360788528,
        34.84703050888209,
        34.785976808003824,
        35.06097521679934,
        35.08126241698702,
        34.86609679263768,
        34.98106136071601,
        35.269293507973345,
        35.5550175874015,
        34.914590520626234,
        35.078815550143766
    ],
    "ssim": [
        0.8932681679725647,
        0.8992054462432861,
        0.8986533284187317,
        0.8812925219535828,
        0.9050065875053406,
        0.9081122279167175,
        0.8988480567932129,
        0.907766580581665,
        0.9110890626907349,
        0.9059275388717651,
        0.9022179841995239,
        0.9038549661636353,
        0.9089365005493164,
        0.9041593670845032,
        0.9084520936012268,
        0.8906994462013245,
        0.91452956199646,
        0.9018695950508118,
        0.9118852019309998,
        0.917687714099884,
        0.9068025946617126,
        0.9151528477668762,
        0.9164083003997803
    ],
    "val_psnr": [
        34.5033504394848,
        35.05030199201702,
        35.518931357502225,
        35.36157016957428,
        35.176890783716104,
        35.033810381809765,
        35.51653144922331,
        36.09564290436404,
        37.1863957706106,
        37.19311549723311,
        35.65369464723939,
        36.6836529177048,
        37.19950105725695,
        35.83655474529073,
        37.26257025969637,
        36.63697341478445,
        37.227036107683325,
        37.29524566418787,
        37.77504384644082,
        37.814487422560205,
        37.63943109665376,
        35.735862715272546,
        38.04025239062934
    ],
    "val_ssim": [
        0.8932681679725647,
        0.8992054462432861,
        0.8986533284187317,
        0.8812925219535828,
        0.9050065875053406,
        0.9081122279167175,
        0.8988480567932129,
        0.907766580581665,
        0.9110890626907349,
        0.9059275388717651,
        0.9022179841995239,
        0.9038549661636353,
        0.9089365005493164,
        0.9041593670845032,
        0.9084520936012268,
        0.8906994462013245,
        0.91452956199646,
        0.9018695950508118,
        0.9118852019309998,
        0.917687714099884,
        0.9068025946617126,
        0.9151528477668762,
        0.9164083003997803
    ]
}