{
    "g_loss": [
        0.06954531227339707,
        0.05540586879942566,
        0.05474104856788788,
        0.0537285312615416,
        0.05400250027583831,
        0.052845278759891895,
        0.051891836079606866,
        0.05148582242975902,
        0.05020089287047639,
        0.049937359381305134,
        0.04897860783334498,
        0.04904147105433209,
        0.04877125124609017,
        0.048299052620954484,
        0.04853376459694751,
        0.04767630424390992,
        0.04729895243097259,
        0.047406554373953004,
        0.046838062132060855,
        0.04601225077235342,
        0.04496678868409894,
        0.04676035904001607,
        0.04659320807600718,
        0.04566672964163287,
        0.04515818588476142
    ],
    "d_loss": [
        0.9686630215981732,
        0.318345830016567,
        0.061296903923072896,
        0.14251414286643369,
        0.2299849436866403,
        0.24940260009948953,
        0.21306449657371876,
        0.36398311336550093,
        0.2980682538485701,
        0.31345659936019016,
        0.45500496885506436,
        0.3519117591710275,
        0.4998280274322378,
        0.5972548738253586,
        0.5153552830603946,
        0.47366395188019733,
        0.46902244432282675,
        0.5570694387779045,
        0.5005469040074588,
        0.5498452854757805,
        0.404396330841574,
        0.450914248601412,
        0.5516635725305051,
        0.5301342944908158,
        0.3983915708503564
    ],
    "content_loss": [],
    "perceptual_loss": [],
    "adversarial_loss": [],
    "psnr": [
        32.26549634854138,
        34.116280134429395,
        34.37591944872034,
        34.5391143615761,
        34.399111021925584,
        34.573228848587384,
        34.7729935327719,
        34.75905885688639,
        34.88487960771536,
        34.85204652842846,
        34.74767813283291,
        34.858246436196055,
        34.94558360788528,
        34.84703050888209,
        34.785976808003824,
        35.06097521679934,
        35.08126241698702,
        34.86609679263768,
        34.98106136071601,
        35.269293507973345,
        35.5550175874015,
        34.914590520626234,
        35.078815550143766,
        35.248046502926016,
        35.30710475254899
    ],
    "ssim": [
        